accent,label
england,72K6TSQ829.wav
us,O7O51MZU4N.wav
us,1PSFC9GSK4.wav
england,1JGXELMHOF.wav
england,VXC2DB72R7.wav
us,MMPJO0MZ0N.wav
england,UMM0YIUKNH.wav
us,WML4D26C67.wav
us,F3AJRF7TJG.wav
england,1QJIZTDX38.wav
us,G11VNYE1HH.wav
us,0D9KDY33VL.wav
australia,VLGVUDJ90Q.wav
scotland,Y6K2JU2H4B.wav
scotland,ECGD9KF3VX.wav
us,GT37129NRX.wav
indian,XXGLDEB0PE.wav
bermuda,PYVE80HN4Y.wav
us,8R488ER0ZH.wav
us,65YME8J8IE.wav
us,NPVTQJD50W.wav
canada,RL9JXFY2JE.wav
bermuda,FSO4MWKKAR.wav
canada,HEHXM9668B.wav
us,FPLK2Z9M1O.wav
wales,FJDGLG7POQ.wav
scotland,JQ7FW67TJ8.wav
england,10M5MCMSO3.wav
us,FJYXJHG2KM.wav
australia,QPHXKP30BG.wav
us,77C2EX0563.wav
us,UGZ010DWVA.wav
england,VKDMNUUZX2.wav
australia,S0G2JOY8VT.wav
england,R3SUR0CZW3.wav
us,YXAXYF3SXW.wav
us,H01FH3KEY8.wav
us,R3TKLL4WU1.wav
us,0D2XANLNWB.wav
england,HB5IYNTKK9.wav
us,IEMF4VU2VH.wav
singapore,XZUKKHWKB8.wav
us,LL7V1S0QG3.wav
indian,AHQQ4HWF9Z.wav
us,DO2T6GX0CO.wav
us,O56IYAJKOQ.wav
us,EK53ZI08W8.wav
us,F68PGID9TU.wav
australia,ZKY5P7R745.wav
scotland,DXUFMO00FS.wav
us,UECHV0PJQU.wav
england,EFBZ19FLZB.wav
scotland,OW6VLRXPJT.wav
australia,AOPBZ7X6AE.wav
us,J0OF821KRS.wav
canada,YEZKNC4RNY.wav
us,CBDX295MEZ.wav
us,LTCZ1EWM5K.wav
us,S71BHUO2FN.wav
us,IH6195R5YX.wav
us,ZCB53KC2PC.wav
us,12MINIG2V7.wav
us,GHSWJ7IZ96.wav
singapore,C4C384534S.wav
england,KO0PCC5TE8.wav
australia,BO81DNUC98.wav
us,76X65A5PP1.wav
indian,XKG8C7QFXT.wav
indian,5TKRD0UET0.wav
philippines,BN764APWDT.wav
us,F0X097QL8I.wav
us,27098TXSI3.wav
us,IF73FAK84R.wav
us,N09DENCIJ3.wav
scotland,W8ENISIETU.wav
us,MWT70NTC17.wav
england,4REKDG0V64.wav
us,JYA410BBKR.wav
us,9YJUUID3DV.wav
indian,R68CAKRCZI.wav
us,TDH5H2CF40.wav
australia,TBUUEZXSLP.wav
us,25LY8GI6DE.wav
us,GWE85UXMG3.wav
scotland,LXTGJ91STF.wav
us,OVOM1QSTK5.wav
us,CVQ1Z7EQVZ.wav
us,FNHZ7WDW7Y.wav
australia,L7GJ5TTDYK.wav
england,BZMVM7UDDC.wav
us,AIQPXRJKF7.wav
canada,ITIM1J0WSF.wav
us,3OS373FIQC.wav
scotland,5PK8DKP0ZZ.wav
indian,TQEMWEEP28.wav
us,KICNKIP98W.wav
bermuda,6L88Z54PYV.wav
bermuda,8EDWFJG35I.wav
us,YE18FH0BFU.wav
us,MQX8OX8FIO.wav
australia,JJT0E5G3ZB.wav
us,HXK7RUM68N.wav
us,7A8PVRXFLV.wav
us,HBDLHYEA1L.wav
malaysia,NYCGDNV50A.wav
us,9PS130EZ8T.wav
us,Z2UAISMWW6.wav
us,X8L6WJ0NDN.wav
england,1KMDDIB0WA.wav
england,572K7GROWM.wav
england,2TT75RT0RO.wav
us,LWEWBT96XT.wav
australia,27FYVYRXHC.wav
england,DDDN8ANJT0.wav
us,ZGZHPG1TS8.wav
bermuda,9HFS33L9CI.wav
indian,77DYFCICAX.wav
us,2IM42LTT5R.wav
us,NZBALVR6CF.wav
us,5KLHR74OI0.wav
indian,UTFYOXUEPH.wav
indian,6TQ8WY1A1T.wav
indian,JWSBZ4LZRX.wav
indian,CZ35XEIQQL.wav
australia,X09OXQUHX6.wav
australia,O8W3DPZC0U.wav
us,32LZR8ZQYK.wav
us,AXZKAINTK1.wav
us,MIRV2AHSDH.wav
australia,6W52WZKXOC.wav
us,EMW8PK5F2G.wav
us,KXGWXZQU8N.wav
us,J2KO453ZT9.wav
us,541T0I3AUW.wav
us,TEKJPG39QQ.wav
us,T3NR1G1FFR.wav
indian,JBX7H4T33L.wav
england,EGTMM9VP8Z.wav
bermuda,9SKVMHKUAV.wav
scotland,9EY8WR8CDU.wav
us,QX9N1VDFJJ.wav
us,UDTA6SHXDI.wav
australia,ASLJ66JRJL.wav
us,244F8XZK0E.wav
us,ZBKI0P43EK.wav
indian,6WFZ2WDJ24.wav
us,23TVDEG2YC.wav
england,K48DV4C50M.wav
us,DK89JDSW3X.wav
us,8HSVAQ716J.wav
us,1VVQNIU4I4.wav
us,O0DETC0XV6.wav
us,GAJOY10X4A.wav
malaysia,YPME5D9Q5F.wav
canada,N44HQ30PQE.wav
us,U73VXHISZY.wav
england,WSYP46INU1.wav
us,51RBYSZVEY.wav
australia,BWGSZNP0LF.wav
england,CG19UEJT4H.wav
us,EL568TREPD.wav
bermuda,3162VQ31V7.wav
us,LIZ88MPJYN.wav
singapore,PR9SD61V3D.wav
australia,I1TDO1US28.wav
england,W102PRJ7LH.wav
us,DWQX31MS3S.wav
wales,QR1QDMLAXQ.wav
african,N1WUHGN5J1.wav
us,1H1SA1OIYA.wav
scotland,P4TDYTUQNV.wav
us,ZYD38PBMCH.wav
australia,YDDKTODLGX.wav
us,9OPVZ6VP7K.wav
us,Y00KJWDL6W.wav
singapore,JXJS69ZN5Z.wav
australia,G2LC5CGD8K.wav
us,OFML4KZCAE.wav
australia,JRDBXRBEZ5.wav
us,BDMI3ZXH0S.wav
england,GMGML0EULU.wav
england,L4I0OY5T07.wav
australia,BK38HX9NS4.wav
us,4USM1D1I1Q.wav
canada,ZRFQJ78VMK.wav
singapore,MPPY809BIA.wav
england,RLL2WGXJRT.wav
us,3TUKKW5GXO.wav
england,R8ARFXA62G.wav
us,XUO9R4GLWS.wav
england,21BT3ARI08.wav
england,FA79Q4F0H0.wav
us,LLG5ML8RHL.wav
us,5L4PYZ36G0.wav
wales,FG1GU97VU5.wav
us,LDWU4KBNIS.wav
england,S8XIWIEA2H.wav
australia,HCCDN2TD0R.wav
us,HBY762ULBC.wav
african,4KEPG8K8NX.wav
us,C5YK4RN57W.wav
us,ISDFCVKRVC.wav
canada,WRGLR1OM65.wav
us,0RASQ7TQKJ.wav
canada,DRAD23MMMA.wav
australia,X4ASJ6RLN6.wav
england,JQCJPH64SW.wav
australia,H6XNGJ7SCM.wav
england,6W361V5VV9.wav
us,QJ2T20DZCY.wav
indian,656QZ2VWR4.wav
england,7TW6HKDNII.wav
england,FI3U0S0S6X.wav
scotland,2YD7E0JZWB.wav
us,NSIOUFFN5C.wav
singapore,FW71CH9KIC.wav
us,4OZB2350T9.wav
australia,LF0QTFG29B.wav
us,A3B4QBVRXQ.wav
england,N1X635B5Z9.wav
us,BJ53WB0WQB.wav
us,ZX4733CP7F.wav
bermuda,1O4FGEX31T.wav
us,SYQYA98A3O.wav
us,XK7B8CDK0T.wav
us,WGXR3ONJFH.wav
england,AQ7QG00T1E.wav
england,XEA040Q8N9.wav
us,5CJ88FMSBA.wav
us,GDLKIPE3CH.wav
us,ZVM6ABNSS1.wav
us,AM3UVRYGAU.wav
us,KF2U0T542I.wav
australia,L7EFGCOAD0.wav
us,45XXUUVBQU.wav
us,GQDKZ8GJ7O.wav
indian,OG64GZNSWE.wav
us,LO0F70NRDD.wav
england,OWH38MT8MT.wav
australia,7JPUCM4BHS.wav
england,4M2D4IB9S6.wav
us,Y0SQ3LTXI3.wav
us,22LW1V963Y.wav
bermuda,2B68X3TLPO.wav
england,Q7QQE54CKS.wav
us,221Y2P3R9J.wav
us,FVRJD27CDC.wav
us,ZZNLOGOUC9.wav
australia,3GHXFOJQ2L.wav
england,0ZKZ7CTPCO.wav
us,421BPRLP1H.wav
us,VWEQSW9GQY.wav
us,1BNKNECJRU.wav
canada,8WTA54PGBC.wav
us,NLOAVVNSZ2.wav
england,HAN10YME1F.wav
us,ZM64YPV8OX.wav
us,YEQHIRWT8P.wav
bermuda,ZPBG7LTFP7.wav
us,6MKIUXJ6CQ.wav
us,915QHB8GME.wav
us,DKTQZASTB9.wav
us,4LOY1URGVH.wav
african,W9Z4GUIV4K.wav
us,PASOTPBNLM.wav
us,XI3FSQ31EF.wav
australia,GMEGHRIW0J.wav
bermuda,E1I3Y679E0.wav
england,XUOU6FH2DR.wav
scotland,0D8CAOL7XN.wav
canada,Z1BCC9U0E5.wav
us,6G186D1H5K.wav
scotland,U31ZKRHJ9K.wav
singapore,Q7WD8INZQ5.wav
australia,KMBK3UC6PC.wav
african,6QOZ04UI5X.wav
england,V1Q3EL4Z4X.wav
african,66420YSP5M.wav
us,M97BEZCB1V.wav
australia,35UVJCB74Q.wav
wales,YLGDVW6WCT.wav
us,BW1I95V68P.wav
us,GZZWB0E3AX.wav
us,7FPDGERPRV.wav
england,HCRK8WNTRJ.wav
us,ZVS4M3Y201.wav
canada,SUGHP6NLPK.wav
england,S35MFASKLA.wav
us,4UYWOVMYD9.wav
us,3866QSTGPQ.wav
scotland,9QO189PLWT.wav
us,MG1JCLM1X9.wav
australia,0GO9BNG5JC.wav
indian,TC1N3OMAN3.wav
us,6A0ZBCDFGV.wav
us,C14AN35RKC.wav
us,FVILFM7OSU.wav
us,514WEKM9US.wav
african,GP7GTLRONW.wav
england,T83G4QLO49.wav
scotland,E8W0PTQ9KC.wav
australia,XIB265Q1SJ.wav
england,OA8CVUPFQ2.wav
us,JBZJ2LV64J.wav
england,75UEPXC0IW.wav
us,RDSE19HMCJ.wav
us,6NPGSW6R8P.wav
scotland,BROW8BT8Y8.wav
wales,6RMUDHJM4W.wav
us,J3D6Q83SUO.wav
us,UX27Y1YUX4.wav
canada,H89EKSBTZX.wav
england,8ZP0P6EA2V.wav
canada,XV45S85AXQ.wav
us,K681L5OQ3R.wav
scotland,L4214B2QPO.wav
us,Z3FNA3LKXY.wav
us,0P2ZQ4BASS.wav
us,VAUS6D0S3K.wav
canada,XDAOHC9OY5.wav
australia,IAGY5YUR9E.wav
us,5U8NHGADRR.wav
australia,DTU78DE6VZ.wav
australia,4LVFXVFAI5.wav
england,YZDT3ZMHJF.wav
us,L7C6MV0Z84.wav
bermuda,GEDG42ENGM.wav
us,U91VS1DG4X.wav
us,YQEUHTOP2I.wav
england,YAAYBNPNBF.wav
canada,IU50O8RY55.wav
african,IB795LJI77.wav
us,A1LPGU21B5.wav
us,SJ75YFI4ET.wav
us,97NV00K4YA.wav
us,IIBWPCAJFZ.wav
us,I1II0JEBC3.wav
us,1I8PRKICC1.wav
us,10MOX4IMD7.wav
us,WOY6M7Y3D8.wav
us,7OYEBPQERQ.wav
australia,P2YCAPIMT8.wav
england,GINYUH6NU7.wav
us,KD73PJ3EP5.wav
us,B5PN7WKKMI.wav
us,QB8U1CAEOV.wav
bermuda,UR36VE8KU4.wav
england,XW6NK8Y9MH.wav
us,KTG9DOE0M2.wav
england,06B9H4N6NV.wav
australia,43QRG7SY14.wav
african,5B0N0KF0OZ.wav
us,3CLTHAJWT5.wav
us,JXZMWLFM1N.wav
us,QI3IGYH5L4.wav
scotland,N2VPD13IWV.wav
malaysia,R18W797V9Q.wav
scotland,Y5K92G0CA2.wav
us,30AERYBO11.wav
us,WDZIHM70NH.wav
england,D7ATV3H1YD.wav
us,1M8238T2AW.wav
scotland,LMFZ8A6OUU.wav
us,27L7Y08ROR.wav
us,TFREKW8N0X.wav
us,CAJAINRPE5.wav
us,MA1CKK4XZH.wav
us,EF57WPNJAM.wav
singapore,XPU9214EU6.wav
england,ROHDD0Z6CG.wav
us,88LIKKIYG5.wav
canada,RSQQ5YEC8W.wav
us,H2HPWO8E99.wav
us,P1BEOYNKDF.wav
us,H1SQXI3VG1.wav
australia,FSPNRHDS44.wav
bermuda,Y285MKKJ4J.wav
england,KZ3VCLL0J6.wav
us,RJ0VF3WCOB.wav
us,4ZA11BXYQU.wav
us,A2X1RKUMID.wav
australia,L54SD4SCXE.wav
canada,RZ4FLK02QV.wav
us,1Z2W0U9OU8.wav
us,GE90UVYAIC.wav
us,TQT94705R0.wav
australia,7I09698RMP.wav
us,42784TS74Q.wav
wales,ARMR64W5O0.wav
canada,DX7RS4N7IC.wav
scotland,072VW2DTHZ.wav
us,56K4DSES6F.wav
us,U2OWHF9C2M.wav
england,RF3R75NCG7.wav
us,3GUM6SI9RE.wav
us,FPMY3OD663.wav
us,TKWJHEYRLP.wav
us,XATHQAOSPE.wav
us,FGQ1PL8LA6.wav
us,GW74P8SAKY.wav
